folder,file,isCopy,title,size,printer,version,lastBy,forms,bytes
ADAMS,2PTS BF_BNLS BEEF CLOD FIO-2 MM  _20#  JAINE - Copy,true,2PTS BF_BNLS BEEF CLOD FIO-2 MM  _20#  JAINE - Copy,"4"" x 6""",ZDesigner ZD421-203dpi ZPL,2022 R8,MeatPAPA,1,93164
ADAMS,2PTS BF_BNLS BEEF CLOD FIO-2 MM  _20#  JAINE,false,2PTS BF_BNLS BEEF CLOD FIO-2 MM  _20#  JAINE,"4"" x 6""",ZDesigner ZD421-203dpi ZPL,2022 R8,MeatPAPA,1,93484
ADAMS,2PTS BF_BNLS BEEF CLOD FIO-2.5MM_20# JAINE,false,2PTS BF_BNLS BEEF CLOD FIO-2MM_20#,"4"" x 6""",ZDesigner ZD421-203dpi ZPL,2022 R8,MeatPAPA,1,94915
ADAMS,2PTS BF_BNLS BEEF CLOD FIO-4.5MM_20# JAINE,false,2PTS BF_BNLS BEEF CLOD FIO-2MM_20#,"4"" x 6""",ZDesigner ZD421-203dpi ZPL,2022 R7,DELL,1,96985
ADAMS,2PTS BF_BNLS BEEF CLOD HEART 40#,false,2PTS BF_BNLS BEEF CLOD FIO-2MM_20#,"4"" x 6""",ZDesigner ZD421-203dpi ZPL,2022 R8,MeatPAPA,1,118742
ADAMS,2PTS BF_FEMUR BONE_50#,false,BF_FEMUR BONE_50#,"4"" x 6""",ZDesigner ZD421-203dpi ZPL,2022 R8,MeatPAPA,1,82549
ADAMS,2PTS BF_WAGYU_BEEF BONE_50# - Copy,true,BF_WAGYU_BEEF BONE_50# - Copy,"4"" x 6""",ZDesigner ZD421-203dpi ZPL,2022 R8,MeatPAPA,1,85024
ADAMS,2PTSBF_WAGYU_BEEF BONE_50# - Copy,true,BF_WAGYU_BEEF BONE_50# - Copy,"4"" x 6""",ZDesigner ZD421-203dpi ZPL,2022 R8,MeatPAPA,1,85035
ADAMS,BF CROSS RIB ROLL CUT SLICE_SHABU -,false,RIB EYE SLICE CONTAINER_SHABU_no packs.CATCH_1,"6"" x 4""",ZDesigner ZD421-203dpi ZPL,2022 R7,DELL,1,1150004
ADAMS,BF SHORT PLATE ROLL CUT SLICE_SHABU -,false,RIB EYE SLICE CONTAINER_SHABU_no packs.CATCH_1,"6"" x 4""",ZDesigner ZD421-203dpi ZPL,2022 R8,MeatPAPA,1,1143812
ADAMS,BF-CHUCK FLAP  VAC.PK,false,3 INCH CHUCK FLAP VAC -,"6"" x 4""",ZDesigner ZD421-203dpi ZPL,2022 R7,DELL,1,88182
ADAMS,BF-CLOD HEART XT_CAB-CHOICE,false,BF-CROSS RIB SLICE _ 2.7MM_ 50#,"6"" x 4""",ZDesigner ZD421-203dpi ZPL,2022 R8,MeatPAPA,1,103623
ADAMS,BF_ JUMULEOK,false,BF-CROSS RIB SLICE _ 2.7MM_ 50#,"6"" x 4""",ZDesigner ZD421-203dpi ZPL,2022 R7,DELL,1,87998
ADAMS,BF_ANGUS _BRISKET POINT -TRAY PACK,false,Document1,"6"" x 4""",ZDesigner ZD421-203dpi ZPL,2022 R8,MeatPAPA,1,81887
ADAMS,BF_ANGUS _BRISKET POINT,false,Document1,"6"" x 4""",ZDesigner ZD421-203dpi ZPL,2022 R8,MeatPAPA,1,120677
ADAMS,BF_BACK RIB HALF CUT-50#,false,Document1,"6"" x 4""",ZDesigner ZD421-203dpi ZPL,2022 R8,MeatPAPA,1,207667
ADAMS,BF_BACK RIB INDIVIDUAL CUT-50#,false,Document1,"6"" x 4""",ZDesigner ZD421-203dpi ZPL,2022 R7,DELL,1,217116
ADAMS,BF_BACK RIBS INDIVIDUAL CUT_30#,false,BF_FEMUR BONE_50#,"4"" x 6""",ZDesigner ZD421-203dpi ZPL,2022 R7,DELL,1,86352
ADAMS,BF_BNLS BEEF FINGER MET,false,Document1,"6"" x 4""",ZDesigner ZD421-203dpi ZPL,2022 R7,DELL,1,132543
ADAMS,BF_BRISKET POINT SLICE_1.5MM _TRAY PACK,false,BF_RIB EYE SLICE _TRAY PACK,"6"" x 4""",ZDesigner ZD421-203dpi ZPL,2022 R7,DELL,1,111461
ADAMS,BF_CHUCK EYE STEAK,false,Document1,"6"" x 4""",ZDesigner ZD421-203dpi ZPL,2022 R7,DELL,1,117028
ADAMS,BF_LEG BONE -COW_50# -,false,BF_LEG BONE -COW_50# -,"4"" x 6""",ZDesigner ZD421-203dpi ZPL,2022 R8,MeatPAPA,1,83960
ADAMS,BF_LEG BONE_50# -,false,BF_FEMUR BONE_50#,"4"" x 6""",ZDesigner ZD421-203dpi ZPL,2022 R7,DELL,1,83437
ADAMS,BF_WAGYU BONE CUT - Copy,true,Document1,"6"" x 4""",ZDesigner ZD421-203dpi ZPL,2022 R8,MeatPAPA,1,144339
ADAMS,GoMeatBF_CHUCK ROLL 8 PIECE,false,Document1,"6"" x 4""",ZDesigner ZD421-203dpi ZPL,2022 R8,MeatPAPA,1,134239
ADAMS,MODU-BNLS BEEF BRISKET END,false,MODU-BNLS BEEF BRISKET END,"6"" x 4""",ZDesigner ZD421-203dpi ZPL,2022 R7,DELL,1,82810
ADAMS,PK BUTT  SLICE 3MM_20#,false,PK BUTT  SLICE 3MM_30#,"6"" x 4""",ZDesigner ZD421-203dpi ZPL,2022 R8,MeatPAPA,1,297431
ADAMS,PK _FEMUR BONE_50#,false,PK _FEMUR BONE_50#,"6"" x 4""",ZDesigner ZD421-203dpi ZPL,2022 R7,DELL,1,135994
ADAMS,PK_ BELLY BELLY HONEY COMB,false,PK_ BELLY BELLY HONEY COMB,"6"" x 4""",ZDesigner ZD421-203dpi ZPL,2022 R7,DELL,1,977414
ADAMS,PK_ BELLY BELLY TRAY PACK_ 7MM,false,PK_ BELLY BELLY TRAY PACK 6MM,"6"" x 4""",ZDesigner ZD421-203dpi ZPL,2022 R7,DELL,1,980780
ADAMS,PORK BELLY SHABU SHABU.SAFE,false,PORK BELLY SHABU SHABU.SAFE,"6"" x 4""",ZDesigner ZD421-203dpi ZPL,2022 R7,DELL,1,121767
ADAMS,WABA_BF-CLOD ROLL_PRIME,false,BF-CROSS RIB SLICE _ 2.7MM_ 50#,"6"" x 4""",ZDesigner ZD421-203dpi ZPL,2022 R7,DELL,1,79412
ADAMS,WABA_BF-CLOD XT- SLICE-3.3MM_50# - Copy,true,BF-CROSS RIB SLICE _ 2.7MM_ 50#,"6"" x 4""",ZDesigner ZD421-203dpi ZPL,2022 R8,MeatPAPA,1,108679
ADAMS,WABA_BF-CLOD XT_CHOICE- SLICE-3.2MM_50# - Copy,true,BF-CROSS RIB SLICE _ 2.7MM_ 50#,"6"" x 4""",ZDesigner ZD421-203dpi ZPL,2022 R8,MeatPAPA,1,110815
ADAMS,WABA_BF-CLOD XT_PRIME- SLICE-2.7MM_50#,false,BF-CROSS RIB SLICE _ 2.7MM_ 50#,"6"" x 4""",ZDesigner ZD421-203dpi ZPL,2022 R7,DELL,1,111582
ADAMS/WHOLESALE,MARINATED BEEF CLOD_30# _MGD SPEC,false,Document1,"6"" x 4""",ZDesigner ZD421-203dpi ZPL,2022 R7,DELL,1,70474
(root),ANGUS TOP_BRISET#1,false,Document1,"6"" x 4""",Zebra ZD421 (203 dpi) - ZPL,2022 R7,noblesse,1,221765
BeeBee,2PTS BF_BNLS BEEF CHUCK ROLL SLICE-2.5MM_20# - Copy,true,2PTS BF_BNLS BEEF CLOD FIO-2MM_20#,"4"" x 6""",ZDesigner ZD421-203dpi ZPL,2022 R8,MeatPAPA,1,370801
BeeBee,2PTS BF_BNLS BEEF CHUCK ROLL-5MM_20# - Copy,true,2PTS BF_BNLS BEEF CLOD FIO-2MM_20#,"4"" x 6""",ZDesigner ZD421-203dpi ZPL,2022 R8,MeatPAPA,1,331615
BeeBee,2PTS BF_BNLS BEEF CLOD FIO-2MM_20#,false,2PTS BF_BNLS BEEF CLOD FIO-2MM_20#,"4"" x 6""",ZDesigner ZD421-203dpi ZPL,2022 R8,MeatPAPA,1,332067
BeeBee,BB_ANGUS BEEF TOP_BRISkET,false,Document1,"6"" x 4""",ZDesigner ZD421-203dpi ZPL,2022 R8,MeatPAPA,1,51504
BeeBee,BF TONGUE SKDJMB.RYL,false,Document1,"6"" x 4""",ZDesigner ZD421-203dpi ZPL,2022 R8,MeatPAPA,1,58049
BeeBee,BF_2_ CUT _SR _AIS_0RG._NET,false,3_8_SR _AIS_0RG._NET,"6"" x 4""",ZDesigner ZD421-203dpi ZPL,2022 R8,MeatPAPA,2,163337
BeeBee,BF_BACK RIB 3 PIECE CUT PRIME,false,Document1,"6"" x 4""",ZDesigner ZD421-203dpi ZPL,2022 R7,DELL,1,230298
BeeBee,BF_BACK RIB HALF CUT-50#,false,Document1,"6"" x 4""",ZDesigner ZD421-203dpi ZPL,2022 R8,MeatPAPA,1,199427
BeeBee,PK BELLY  SLICE 6MM_50#,false,PK BELLY  SLICE 3MM_30#,"6"" x 4""",ZDesigner ZD421-203dpi ZPL,2022 R8,MeatPAPA,1,78880
BeeBee,PK BUTT  SLICE 3MM_30#,false,PK BUTT  SLICE 3MM_30#,"6"" x 4""",ZDesigner ZD421-203dpi ZPL,2022 R8,MeatPAPA,1,83661
BeeBee,PORK NECK BONE_30#,false,PORK NECK BONE_30#,"6"" x 4""",ZDesigner ZD421-203dpi ZPL,2022 R8,MeatPAPA,1,73545
(root),BRISKET ROLL,false,BRISKET ROLL,"6"" x 4""",ZDesigner ZD421-203dpi ZPL,2022 R7,DELL,1,156927
CHEF OLLEH SD,BEEF CHUCK ROLL AMEICAN WAGYU 2MM_20# - Copy,true,ANT_CLOD FIO SLICED,"4"" x 6""",ZDesigner ZD421-203dpi ZPL,2022 R8,MeatPAPA,1,117030
CHEF OLLEH SD,BEEF CHUCK ROLL CUBE  SLICE WAGYU 2.5MM,false,ANT_CLOD FIO SLICED,"4"" x 6""",ZDesigner ZD421-203dpi ZPL,2022 R7,DELL,1,192334
CHEF OLLEH SD,BEEF CROSS RIB WAGYU 2MM_20#,false,ANT_CLOD FIO SLICED,"4"" x 6""",ZDesigner ZD421-203dpi ZPL,2022 R7,DELL,1,116398
CHEF OLLEH SD,CHAMPS-SD_3_8_SR _CHOICE_ETE_0RG._NET,false,3_8_SR _CHOICE_AIS_0RG._NET,"6"" x 4""",ZDesigner ZD421-203dpi ZPL,2022 R8,MeatPAPA,2,157305
CHEF OLLEH SD,CHAMPS-SD_PRIME TOP_BRISKET,false,Document1,"6"" x 4""",ZDesigner ZD421-203dpi ZPL,2022 R8,MeatPAPA,1,117164
CHEF OLLEH SD,SD_1.5_SR_AIS_ORG._NET,false,Document1,"6"" x 4""",ZDesigner ZD421-203dpi ZPL,2022 R7,DELL,2,136662
CHEF OLLEH SD,SD_3_8_SR _AIS_0RG._NET,false,Document1,"6"" x 4""",ZDesigner ZD421-203dpi ZPL,2022 R8,MeatPAPA,2,155119
CHEF OLLEH SD,SD_ANGUS TOP_BRISKET,false,SD_ANGUS TOP_BRISKET,"6"" x 4""",ZDesigner ZD421-203dpi ZPL,2022 R8,MeatPAPA,1,122255
CHEF OLLEH SD,SD_PK BELLY CROSS CUT,false,SD_PK BELLY CROSS CUT,"6"" x 4""",ZDesigner ZD421-203dpi ZPL,2022 R8,MeatPAPA,1,984560
CHEF OLLEH SD,SHB_BF_SHORT_PLATE_BLOCK_CROSS CUT,false,SHB_BF_SHT_PLATE_ROLL BLOCK,"6"" x 4""",ZDesigner ZD421-203dpi ZPL,2022 R8,MeatPAPA,1,245202
CUTTING,1.5_SR-CENTER CUT-XT _AIS NET-20# - Copy,true,Document1,"6"" x 4""",ZDesigner ZD421-203dpi ZPL,2022 R7,DELL,2,80415
CUTTING,3 SR _AIS_0RG._NET,false,Document1,"6"" x 4""",ZDesigner ZD421-203dpi ZPL,2022 R7,DELL,2,170935
CUTTING,3_8_SR _CHOICE_AIS_0RG._NET,false,3_8_SR _CHOICE_AIS_0RG._NET,"6"" x 4""",ZDesigner ZD421-203dpi ZPL,2022 R7,DELL,2,173747
CUTTING,7_16_SR _AIS_CENTER CUT._NET -,false,Document1,"6"" x 4""",ZDesigner ZD421-203dpi ZPL,2022 R8,MeatPAPA,2,182413
CUTTING,7_16_SR-CENTER CUT-XT _AIS NET-20#,false,Document1,"6"" x 4""",ZDesigner ZD421-203dpi ZPL,2022 R7,DELL,2,80253
CUTTING,AF 3 SR _AIS_0RG._NET,false,Document1,"6"" x 4""",ZDesigner ZD421-203dpi ZPL,2022 R7,DELL,2,125355
CUTTING,AF SR 7_16 _TRAY PACK,false,AF SR 7_16 _TRAY PACK,"6"" x 4""",ZDesigner ZD421-203dpi ZPL,2022 R8,MeatPAPA,2,511483
CUTTING,AF SR _END_ PIECE,false,AF SR _END_ PIECE,"6"" x 4""",ZDesigner ZD421-203dpi ZPL,2022 R8,MeatPAPA,2,167765
CUTTING,AF-CH- SR _12MM_AIS-ETE,false,AF SR _END_ PIECE,"6"" x 4""",ZDesigner ZD421-203dpi ZPL,2022 R7,DELL,2,170759
CUTTING,ANT_OXTAIL_CUT,false,Document1,"4"" x 6""",ZDesigner ZD421-203dpi ZPL,2022 R8,MeatPAPA,1,352345
CUTTING,ANT_WAGYU FEMUR_BONES_CUT,false,Document1,"4"" x 6""",ZDesigner ZT421-300dpi ZPL,2022 R7,DELL,1,31668
CUTTING/CHEF OLLEH SD,BEEF CHUCK ROLL CUBE  SLICE WAGYU 2.5MM,false,ANT_CLOD FIO SLICED,"4"" x 6""",ZDesigner ZD421-203dpi ZPL,2022 R7,DELL,1,192334
CUTTING/CHEF OLLEH SD,BEEF CROSS RIB WAGYU 2.5MM_30#,false,ANT_CLOD FIO SLICED,"4"" x 6""",ZDesigner ZD421-203dpi ZPL,2022 R7,DELL,1,206123
CUTTING/CHEF OLLEH SD,CHAMPS-SD_3_8_SR _CHOICE_ETE_0RG._NET,false,3_8_SR _CHOICE_AIS_0RG._NET,"6"" x 4""",ZDesigner ZD421-203dpi ZPL,2022 R7,DELL,2,173542
CUTTING/CHEF OLLEH SD,SD_1.5_SR_AIS_ORG._NET,false,Document1,"6"" x 4""",ZDesigner ZD421-203dpi ZPL,2022 R7,DELL,2,136662
CUTTING/CHEF OLLEH SD,SD_3_8_SR _AIS_0RG._NET,false,Document1,"6"" x 4""",ZDesigner ZD421-203dpi ZPL,2022 R8,MeatPAPA,2,154083
CUTTING/CHEF OLLEH SD,SD_ANGUS TOP_BRISKET,false,Document1,"6"" x 4""",ZDesigner ZD421-203dpi ZPL,2022 R7,DELL,1,117854
CUTTING/CHEF OLLEH SD,SD_PK BELLY CROSS CUT,false,SD_PK BELLY CROSS CUT,"6"" x 4""",ZDesigner ZD421-203dpi ZPL,2022 R7,DELL,1,979721
CUTTING/CHEF OLLEH SD,SHB_BF_SHORT_PLATE_BLOCK_CROSS CUT,false,SHB_BF_SHT_PLATE_ROLL BLOCK,"6"" x 4""",ZDesigner ZD421-203dpi ZPL,2022 R7,DELL,1,242065
CUTTING,DTLA_3.8_SR _AIS- ORG-NET,false,Document1,"6"" x 4""",ZDesigner ZD421-203dpi ZPL,2022 R8,MeatPAPA,2,78601
CUTTING,DTLA_7_16_SR _ETE- ORG-NET,false,Document1,"6"" x 4""",ZDesigner ZD421-203dpi ZPL,2022 R7,DELL,2,78467
CUTTING,JAINE- 1.2_SR _CHOICE_CENTER CUT-30#,false,3_8_SR _AIS_0RG._NET,"6"" x 4""",ZDesigner ZD421-203dpi ZPL,2022 R8,MeatPAPA,2,195963
CUTTING,KOGI-MORE_1.5_SR_ANGUS-CHOICE _AIS._ORG-NET,false,Document1,"6"" x 4""",ZDesigner ZD421-203dpi ZPL,2022 R7,DELL,2,176888
CUTTING,KOGI-MORE_3.8_SR_ANGUS-CHOICE _AIS._ORG-NET,false,Document1,"6"" x 4""",ZDesigner ZD421-203dpi ZPL,2022 R8,MeatPAPA,2,174710
CUTTING,MGD-NRG-VERTICAL 1_ C UT__SR _ETE-AIS_0RG,false,MOANA_3_8_SR _ETE_0RG._NET,"6"" x 4""",ZDesigner ZD421-203dpi ZPL,2022 R8,MeatPAPA,2,205010
CUTTING,MOANA_3_8_SR _ETE_0RG._NET,false,MOANA_3_8_SR _ETE_0RG._NET,"6"" x 4""",ZDesigner ZD421-203dpi ZPL,2022 R8,MeatPAPA,2,164542
CUTTING,MOANA_SKIN ON_PORK BELLY.1_2_NET,false,SKIN ON_PORK BELLY.1_2_NET,"6"" x 4""",ZDesigner ZD421-203dpi ZPL,2022 R8,MeatPAPA,2,160173
CUTTING,MYUNG_S 1.2_15MM SR _NR_AIS_0RG._NET,false,3_8_SR _AIS_0RG._NET,"6"" x 4""",ZDesigner ZD421-203dpi ZPL,2022 R8,MeatPAPA,2,193545
CUTTING,MYUNG_S_3.4_SR _AIS-ETE- ORG-NET,false,Document1,"6"" x 4""",ZDesigner ZD421-203dpi ZPL,2022 R7,DELL,2,79160
CUTTING,ON-TRADING 1.2_SR _CHOICE_AIS_0RG._NET,false,3_8_SR _AIS_0RG._NET,"6"" x 4""",ZDesigner ZD421-203dpi ZPL,2022 R7,DELL,2,174401
CUTTING,ON-TRADING 1.5_SR _CHOICE_AIS_0RG._NET,false,ON-TRADING 1.5_SR _CHOICE_AIS_0RG._NET,"6"" x 4""",ZDesigner ZD421-203dpi ZPL,2022 R8,MeatPAPA,2,161117
CUTTING,ON-TRADING_7.16_SR _CHOICE_AIS_0RG._NET,false,3_8_SR _AIS_0RG._NET,"6"" x 4""",ZDesigner ZD421-203dpi ZPL,2022 R7,DELL,2,174188
CUTTING,ON-TRADING_9.16_SR _CHOICE_AIS_0RG._NET,false,3_8_SR _AIS_0RG._NET,"6"" x 4""",ZDesigner ZD421-203dpi ZPL,2022 R7,DELL,2,174363
CUTTING,OOK-OOK_3_8_SR _AIS_0RG._NET,false,3_8_SR _CHOICE_AIS_0RG._NET,"6"" x 4""",ZDesigner ZD421-203dpi ZPL,2022 R8,MeatPAPA,2,173737
CUTTING,Q BBQ_WAGYU-BF_SHT_PLATE_1_2 NET,false,SHB_BF_SHT_PLATE_ROLL BLOCK,"6"" x 4""",ZDesigner ZD421-203dpi ZPL,2022 R7,DELL,1,279981
CUTTING,SR-ANGUS-CHOICE-3_ CUT -ETE-NET - Copy,true,AF SR _END_ PIECE,"6"" x 4""",ZDesigner ZD421-203dpi ZPL,2022 R7,DELL,2,188247
CUTTING,TOKYO HAUS_7_16_SR _ETE- ORG-NET,false,Document1,"6"" x 4""",ZDesigner ZD421-203dpi ZPL,2022 R8,MeatPAPA,2,78751
EHWA,ANGUS TOP_BRISKET#1,false,ANGUS TOP_BRISKET#1,"6"" x 4""",ZDesigner ZD421-203dpi ZPL,2022 R8,MeatPAPA,1,69769
EHWA,ANGUS _BRISKET POINT,false,Document1,"6"" x 4""",ZDesigner ZD421-203dpi ZPL,2022 R8,MeatPAPA,1,62682
EHWA,BF_BRISKET ROLL-ANGUS,false,BRISKET ROLL,"6"" x 4""",ZDesigner ZD421-203dpi ZPL,2022 R8,MeatPAPA,1,64418
EHWA,BF_CHUCK  SLICE_2.5MM_40# - Copy,true,BF_CHUCK  SLICE_2.5MM_40# - Copy,"4"" x 6""",ZDesigner ZD421-203dpi ZPL,2022 R8,MeatPAPA,1,70889
EHWA,BF_CHUCK ROLL SLICE_2.7MM_40#,false,BF_CHUCK ROLL SLICE_2.7MM_40#,"4"" x 6""",ZDesigner ZD421-203dpi ZPL,2022 R8,MeatPAPA,1,74434
EHWA,BF_FEMUR BONE_50#,false,BF_FEMUR BONE_50#,"4"" x 6""",ZDesigner ZD421-203dpi ZPL,2022 R8,MeatPAPA,1,50830
EHWA,BF_RIB EYE SLICE 2.7MM_ 40#,false,BF_RIB EYE SLICE 2.7MM_ 40#,"4"" x 6""",ZDesigner ZD421-203dpi ZPL,2022 R8,MeatPAPA,1,83154
EHWA/EHWA_TRAY PACK,BF_BRISKET POINT SLICE _1.5MM_TRAY PACK,false,BF_RIB EYE SLICE _TRAY PACK,"6"" x 4""",ZDesigner ZD421-203dpi ZPL,2022 R8,MeatPAPA,1,61305
EHWA/EHWA_TRAY PACK,BF_RIB EYE SLICE _3MM_TRAY PACK,false,BF_RIB EYE SLICE _3MM_TRAY PACK,"6"" x 4""",ZDesigner ZD421-203dpi ZPL,2022 R8,MeatPAPA,1,55747
EHWA/EHWA_TRAY PACK,PK BELLY SLICE TRAY PK 2.5MM 30#,false,Document1,"6"" x 4""",ZDesigner ZD421-203dpi ZPL,2022 R8,MeatPAPA,1,965164
EHWA/EHWA_TRAY PACK,PK BUTT_ SLICE -3MM_TRAY PACK20# - Copy,true,PK COLLAR SLICE -3MM_40#,"6"" x 4""",ZDesigner ZD421-203dpi ZPL,2022 R7,DELL,1,963129
EHWA/EHWA_TRAY PACK,PK COLLAR CT_ SLICE -3MM_TRAY PACK20#,false,PK COLLAR CT_ SLICE -3MM_TRAY PACK20#,"6"" x 4""",ZDesigner ZD421-203dpi ZPL,2022 R8,MeatPAPA,1,962663
EHWA,PK BELLY SLICE 7MM_BULK_ORG.WT#,false,PK BELLY SLICE 7MM_BULK_ORG.WT#,"6"" x 4""",ZDesigner ZD421-203dpi ZPL,2022 R7,DELL,1,959013
EHWA,PK COLLAR SLICE -3MM_40#,false,PK COLLAR SLICE -3MM_40#,"6"" x 4""",ZDesigner ZD421-203dpi ZPL,2022 R8,MeatPAPA,1,959865
EHWA,PRIME- TOP_BRISKET,false,Document1,"6"" x 4""",ZDesigner ZD421-203dpi ZPL,2022 R8,MeatPAPA,1,74636
EHWA/RETAIL PACKS,BEEF FEET CUT-SAMURAI CUT,false,CHIX GIZZARD,"6"" x 4""",ZDesigner ZD421-203dpi ZPL,2022 R7,DELL,1,332935
EHWA/RETAIL PACKS,BF BOOK TRIPES - Copy,true,Document1,"6"" x 4""",ZDesigner ZD421-203dpi ZPL,2022 R7,DELL,1,47470
EHWA/RETAIL PACKS,CHIX FEET,false,Document1,"6"" x 4""",ZDesigner ZD421-203dpi ZPL,2022 R7,DELL,1,327101
EHWA/RETAIL PACKS,CHIX GIZZARD,false,CHIX GIZZARD,"6"" x 4""",ZDesigner ZD421-203dpi ZPL,2022 R7,DELL,1,326591
EHWA/RETAIL PACKS,HC TRIPES,false,Document1,"6"" x 4""",ZDesigner ZD421-203dpi ZPL,2022 R7,DELL,1,48218
EHWA/RETAIL PACKS,LEG TENDON,false,Document1,"6"" x 4""",ZDesigner ZD421-203dpi ZPL,2022 R7,DELL,1,51920
EHWA/RETAIL PACKS,LG  INTESTINES,false,Document1,"6"" x 4""",ZDesigner ZD421-203dpi ZPL,2022 R7,DELL,1,47870
EHWA/RETAIL PACKS,PK FEET TRAY PKS,false,Document1,"6"" x 4""",ZDesigner ZD421-203dpi ZPL,2022 R7,DELL,1,72473
EHWA/RETAIL PACKS,PK HOCK TRAY PKS,false,Document1,"6"" x 4""",ZDesigner ZD421-203dpi ZPL,2022 R7,DELL,1,57297
EHWA/RETAIL PACKS,SMALL INTESTINES,false,SMALL INTESTINES,"6"" x 4""",ZDesigner ZD421-203dpi ZPL,2022 R7,DELL,1,45142
EHWA/SAUCE MARINADE,30gal_ZION.BLK SAUCE,false,30gal_ZION.BLK SAUCE,"6"" x 4""",ZDesigner ZD421-203dpi ZPL,2022 R8,MeatPAPA,1,113059
EHWA/SAUCE MARINADE,5 GAL RED SAUCE sempio,false,5 GAL RED SAUCE SEMPIO,"6"" x 4""",ZDesigner ZD421-203dpi ZPL,2022 R8,MeatPAPA,1,113425
EHWA/SAUCE MARINADE,5 GAL RED SAUCE USDA,false,5 GAL RED SAUCE SEMPIO,"6"" x 4""",ZDesigner ZD421-203dpi ZPL,2022 R8,MeatPAPA,1,100501
EHWA/SAUCE MARINADE,5gal_ZION.BLK SAUCE,false,Document1,"6"" x 4""",ZDesigner ZD421-203dpi ZPL,2022 R8,MeatPAPA,1,109740
EHWA/SAUCE MARINADE,TEXAS 5gal_BLK SAUCE,false,Document1,"6"" x 4""",ZDesigner ZD421-203dpi ZPL,2022 R7,DELL,1,141206
EHWA/SHABU-CONTAINER,BRISKET POINT SLICE CONTAINER_SHABU_CATCH.no packs.SAFE_1,false,BRISKET POINT SLICE CONTAINER_SHABU_CATCH.no packs.SAFE_1,"6"" x 4""",ZDesigner ZD421-203dpi ZPL,2022 R8,MeatPAPA,1,1163693
EHWA/SHABU-CONTAINER,LAMB ROLL SLICE CONTAINER_SHABU_CATCH_no packs.SAFE,false,LAMB ROLL SLICE CONTAINER_SHABU_CATCH_no packs.SAFE,"6"" x 4""",ZDesigner ZD421-203dpi ZPL,2022 R8,MeatPAPA,1,1238863
EHWA/SHABU-CONTAINER,PK BELLY THIN SLICE CONTAINER_SHABU_CATCH_no packs.SAFE - Copy,true,PK BELLY THIN SLICE CONTAINER_SHABU_CATCH_no packs.SAFE - Copy,"6"" x 4""",ZDesigner ZD421-203dpi ZPL,2022 R8,MeatPAPA,1,61965
EHWA/SHABU-CONTAINER,PK BUTT THIN SLICE CONTAINER_SHABU_CATCH_no packs.SAFE - Copy,true,Document1,"6"" x 4""",ZDesigner ZD421-203dpi ZPL,2022 R7,DELL,1,63018
EHWA/SHABU-CONTAINER,PK COLLAR BUTT THIN SLICE CONTAINER_SHABU_CATCH_no packs.SAFE,false,Document1,"6"" x 4""",ZDesigner ZD421-203dpi ZPL,2022 R8,MeatPAPA,1,70783
EHWA/SHABU-CONTAINER,RIB EYE SLICE CONTAINER_SHABU_no packs.CATCH_1,false,RIB EYE SLICE CONTAINER_SHABU_no packs.CATCH_1,"6"" x 4""",ZDesigner ZD421-203dpi ZPL,2022 R8,MeatPAPA,1,1135457
EHWA/SHABU-CONTAINER,SHORT PLATE SLICE CONTAINER_SHABU_no packs.CATCH_1 -,false,RIB EYE SLICE CONTAINER_SHABU_no packs.CATCH_1,"6"" x 4""",ZDesigner ZD421-203dpi ZPL,2022 R8,MeatPAPA,1,1080458
EHWA/SHABU-CONTAINER,TOP BLADE SLICE CONTAINER_SHABU_CATCH_no packs.SAFE_1,false,Document1,"6"" x 4""",ZDesigner ZD421-203dpi ZPL,2022 R8,MeatPAPA,1,1133439
HACOR,1 INCH  PK BAYBY BACK RIB,false,1.5 INCH CHUCK FLAP VAC,"6"" x 4""",ZDesigner ZD421-203dpi ZPL,2022 R7,DELL,1,608996
HACOR,1.5 INCH CHUCK FLAP VAC,false,1.5 INCH CHUCK FLAP VAC,"6"" x 4""",ZDesigner ZD421-203dpi ZPL,2022 R7,DELL,1,92882
HACOR,3 INCH CHUCK FLAP VAC -,false,3 INCH CHUCK FLAP VAC -,"6"" x 4""",ZDesigner ZD421-203dpi ZPL,2022 R7,DELL,1,96719
HACOR,5_8 B-IN SHORT RIB 2 BONE CC,false,Document1,"6"" x 4""",ZDesigner ZD421-203dpi ZPL,2022 R7,DELL,2,95002
HACOR,BF-CHUCK FLAP SLICE 10MM VAC,false,3 INCH CHUCK FLAP VAC -,"6"" x 4""",ZDesigner ZD421-203dpi ZPL,2022 R7,DELL,1,112694
HANA,AF SR _END_ PIECE,false,AF SR _END_ PIECE,"6"" x 4""",ZDesigner ZD421-203dpi ZPL,2022 R8,MeatPAPA,2,145666
HANA,ANT_HANA_WAGYU FEMUR_BONES_CUT,false,Document1,"4"" x 6""",ZDesigner ZD421-203dpi ZPL,2022 R8,MeatPAPA,1,59972
HANA,BF TONGUE TIP,false,Document1,"6"" x 4""",ZDesigner ZD421-203dpi ZPL,2022 R7,DELL,1,458265
HANA,LARGE INTESTINE_INVETED,false,Document1,"6"" x 4""",ZDesigner ZD421-203dpi ZPL,2022 R8,MeatPAPA,2,66129
HANA,S23 SR 3.8 INCH BULK 20-25#,false,S23 SR 3.8 INCH BULK 20-25#,"6"" x 4""",ZDesigner ZD421-203dpi ZPL,2022 R8,MeatPAPA,2,58864
HANA,W-12_AMERICAN AKAUSHI RIB EYE STEAK,false,Document1,"6"" x 4""",ZDesigner ZD421-203dpi ZPL,2022 R8,MeatPAPA,2,60629
HANA,W-80_AMERICAN AKAUSHI WAGYU STRIPLOIN 1_,false,Document1,"6"" x 4""",ZDesigner ZD421-203dpi ZPL,2022 R8,MeatPAPA,2,64451
HANA,W-89_AMERICAN AKAUSHI WAGYU TENDERLOIN 1_,false,Document1,"6"" x 4""",ZDesigner ZD421-203dpi ZPL,2022 R7,DELL,2,66070
HANA,W-89_AMERICAN AKAUSHI WAGYU TENDERLOIN,false,Document1,"6"" x 4""",ZDesigner ZD421-203dpi ZPL,2022 R8,MeatPAPA,2,58052
HANA,X01A_BF TONGUE SKDJMB.RYL,false,Document1,"6"" x 4""",ZDesigner ZD421-203dpi ZPL,2022 R7,DELL,1,68805
HORN FOOD,AF SR 3.8_CC_20#,false,Document1,"6"" x 4""",ZDesigner ZD421-203dpi ZPL,2022 R7,DELL,2,97213
HORN FOOD,AF SR 3.Inche_ETE_NET#,false,Document1,"6"" x 4""",ZDesigner ZD421-203dpi ZPL,2022 R7,DELL,2,93973
HORN FOOD,AF SR _END_ PIECE,false,Document1,"6"" x 4""",ZDesigner ZD421-203dpi ZPL,2022 R8,MeatPAPA,2,94414
HORN FOOD,BE TOP BLADE_CH_3 PIECE,false,SHB_RE_BLOCK,"6"" x 4""",ZDesigner ZD421-203dpi ZPL,2022 R7,DELL,1,186036
HORN FOOD,BF_CLOD SLICED-2.5MM_20#,false,BF_CLOD SLICED-2.5MM_20#,"4"" x 6""",ZDesigner ZD421-203dpi ZPL,2022 R7,DELL,1,63555
HORN FOOD,BF_CLOD SLICED-2MM_30# -,false,Document1,"4"" x 6""",ZDesigner ZD421-203dpi ZPL,2022 R7,DELL,1,58866
HORN FOOD,BF_RIB EYE SLICE 2.5MM_ 20#,false,BF_RIB EYE SLICE 2.5MM_ 40#,"4"" x 6""",ZDesigner ZD421-203dpi ZPL,2022 R7,DELL,1,57442
HORN FOOD,PK_ BUTT  SLICE 10MM_30#,false,PK BUTT  SLICE 3MM_30#,"6"" x 4""",ZDesigner ZD421-203dpi ZPL,2022 R7,DELL,1,84204
HORN FOOD,PK_ BUTT  SLICE 3MM_30#,false,PK BUTT  SLICE 3MM_30#,"6"" x 4""",ZDesigner ZD421-203dpi ZPL,2022 R7,DELL,1,91553
HORN FOOD,PK_BUTT ROLL BLOCK NET#,false,SHB_PK_COLLAR BUTT_CT,"6"" x 4""",ZDesigner ZD421-203dpi ZPL,2022 R8,MeatPAPA,1,145003
MARINADE/HANA,MARINATED_SR 2.5#,false,MARINATED_SR 5#,"6"" x 4""",ZDesigner ZD421-203dpi ZPL,2022 R7,DELL,1,94715
MARINADE,MARINATED_SR 5#,false,MARINATED_SR 5#,"6"" x 4""",ZDesigner ZD421-203dpi ZPL,2022 R8,MeatPAPA,1,76324
MARINADE/MEAT PLUS,MARINADE SLICE BNLS BEEF BRISKET. 30#,false,MARINADE SLICE BNLS BEEF BRISKET. 30#,"6"" x 4""",ZDesigner ZD421-203dpi ZPL,2022 R8,MeatPAPA,1,72440
MARINADE/MEAT PLUS,MARINADE SLICE BNLS BEEF CLOD. 30# OUTER,false,Document1,"6"" x 4""",ZDesigner ZD421-203dpi ZPL,2022 R8,MeatPAPA,1,73748
MARINADE/MEAT PLUS,SPICY GOCHUJANG CHICKEN. 30# OUTER - Copy,true,Document1,"6"" x 4""",ZDesigner ZD421-203dpi ZPL,2022 R7,DELL,1,363130
MARINADE/MEAT PLUS,SPICY GOCHUJANG PK BELLY. 30# OUTER SEMPIO ING,false,Document1,"6"" x 4""",ZDesigner ZD421-203dpi ZPL,2022 R7,DELL,1,68190
MARINADE/MEAT PLUS,SPICY GOCHUJANG PK BELLY. 30# OUTER,false,Document1,"6"" x 4""",ZDesigner ZD421-203dpi ZPL,2022 R8,MeatPAPA,1,82337
MARINADE/MGD,MARINATED BNLS BEEF CHUCK CLOD. 30#,false,MARINATED BNLS BEEF CHUCK CLOD. 30#,"6"" x 4""",ZDesigner ZD421-203dpi ZPL,2022 R8,MeatPAPA,1,403384
MARINADE/MGD,MARINATED BNLS BEEF CHUCK FLAP TAIL. 30# OUTER,false,Document1,"6"" x 4""",ZDesigner ZD421-203dpi ZPL,2022 R7,DELL,1,71983
MARINADE/MGD,MARINATED BNLS BEEF RIB FINGERS. 30#,false,Document1,"6"" x 4""",ZDesigner ZD421-203dpi ZPL,2022 R7,DELL,1,72125
MARINADE/MGD,MARINATED_SR 5#,false,MARINATED_SR 5#,"6"" x 4""",ZDesigner ZD421-203dpi ZPL,2022 R8,MeatPAPA,1,76655
MARINADE/MGD,PRE MARINADE BNLS CHICKEN. 30#,false,Document1,"5.74"" x 3.74""",ZDesigner ZD421-203dpi ZPL,2022 R7,DELL,1,919426
MARINADE/MGD,SPICY PORK.5#,false,Document1,"6"" x 4""",ZDesigner ZD421-203dpi ZPL,2022 R8,MeatPAPA,1,83288
MARINADE/MGD,SS_PK BELLY BULGOGI 30#,false,MARINATED_SR 5#,"6"" x 4""",ZDesigner ZD421-203dpi ZPL,2022 R7,DELL,1,80791
MGD,BF- ANGUS_ TOP_BRISKET#1,false,Document1,"6"" x 4""",ZDesigner ZD421-203dpi ZPL,2022 R8,MeatPAPA,1,97242
MGD,BF- PRIME_ TOP_BRISKET#1,false,Document1,"6"" x 4""",ZDesigner ZD421-203dpi ZPL,2022 R7,DELL,1,90663
MGD,MARINATED_SR 5#,false,MARINATED_SR 5#,"6"" x 4""",ZDesigner ZD421-203dpi ZPL,2022 R8,MeatPAPA,1,76195
MGD,PK BELLY BELLY HONEY COMB,false,Document1,"6"" x 4""",ZDesigner ZD421-203dpi ZPL,2022 R7,DELL,1,976719
MGD,PK_ BELLY BELLY TRAY PACK_ 7MM,false,PK_ BELLY BELLY TRAY PACK 6MM,"6"" x 4""",ZDesigner ZD421-203dpi ZPL,2022 R7,DELL,1,980639
MGD,SS_PK BELLY BULGOGI 30#,false,MARINATED_SR 5#,"6"" x 4""",ZDesigner ZD421-203dpi ZPL,2022 R8,MeatPAPA,1,78799
NEXT,R01A_MJGE.10LBS.3.8=7.16,false,R01A_MJGE.10LBS.3.8=7.16,"6"" x 4""",ZDesigner ZD421-203dpi ZPL,2022 R8,MeatPAPA,1,67621
NEXT,R02A_MJGE.10LBS.1.4=4.16,false,R02A_MJGE.10LBS.1.4=4.16,"6"" x 4""",ZDesigner ZD421-203dpi ZPL,2022 R8,MeatPAPA,1,55779
ON TRADING,MARINATED_SR 5#,false,MARINATED_SR 5#,"6"" x 4""",ZDesigner ZD421-203dpi ZPL,2022 R8,MeatPAPA,1,92264
ON TRADING,ONT.BEEF BULGOGI MARINATED 5#,false,ONT.BEEF BULGOGI MARINATED 5#,"6"" x 4""",ZDesigner ZD421-203dpi ZPL,2022 R8,DELL,1,80875
ON TRADING,ONT.CLOD MARINATED 5#,false,Document1,"6"" x 4""",ZDesigner ZD421-203dpi ZPL,2022 R8,MeatPAPA,1,79929
ON TRADING,ONT.PORK BELLY HONEYCOMB..5#,false,ONT.PORK BELLY HONEYCOMB..5#,"6"" x 4""",ZDesigner ZD421-203dpi ZPL,2022 R7,DELL,1,75000
ON TRADING,ONT.RIBEYE MARINATED 5# -,false,Document1,"6"" x 4""",ZDesigner ZD421-203dpi ZPL,2022 R8,MeatPAPA,1,80328
ON TRADING,ONT.SOY CHICKEN.5#,false,ONT.SPICY CHICKEN.5#,"6"" x 4""",ZDesigner ZD421-203dpi ZPL,2022 R8,MeatPAPA,1,402606
ON TRADING,ONT.SPICY CHICKEN.5#,false,ONT.SPICY CHICKEN.5#,"6"" x 4""",ZDesigner ZD421-203dpi ZPL,2022 R8,MeatPAPA,1,363921
ON TRADING,ONT.SPICY PORK.5#,false,Document1,"6"" x 4""",ZDesigner ZD421-203dpi ZPL,2022 R8,MeatPAPA,1,84654
ON TRADING,WAGYU CROSS RIB _ NET,false,Document1,"6"" x 4""",ZDesigner ZD421-203dpi ZPL,2022 R8,MeatPAPA,2,79873
PMK,2PTS BACK RIB HALF CUT_30#,false,Document1,"4"" x 6""",ZDesigner ZD421-203dpi ZPL,2022 R7,DELL,1,437236
PMK,2PTS BF_BNLS BEEF CLOD FIO-2 MM_30# (2),false,2PTS BF_BNLS BEEF CLOD FIO-2.5MM_30#,"4"" x 6""",ZDesigner ZD421-203dpi ZPL,2022 R7,DELL,1,411763
PMK,2PTS BF_BNLS BEEF CLOD FIO-2.5 MM_30#,false,2PTS BF_BNLS BEEF CLOD FIO-2.5MM_30#,"4"" x 6""",ZDesigner ZD421-203dpi ZPL,2022 R7,DELL,1,412560
PMK,2PTS PR CHUCK ROLL SLICED,false,Document1,"4"" x 6""",ZDesigner ZD421-203dpi ZPL,2022 R7,DELL,1,357993
PMK,CH SR 1.2 CUT CC,false,CH SR 1.2 CUT CC,"6"" x 4""",ZDesigner ZD421-203dpi ZPL,2022 R7,DELL,2,136987
PMK,FIO CLOD 1.2 CUT,false,FIO CLOD 1.2 CUT,"6"" x 4""",ZDesigner ZD421-203dpi ZPL,2022 R7,DELL,1,229637
PMK,PK BELLY  SLICE 3MM_30#,false,PK BELLY  SLICE 3MM_30#,"6"" x 4""",ZDesigner ZD421-203dpi ZPL,2022 R7,DELL,1,134741
PMK,PK BUTT  SLICE 3MM_30#,false,PK BUTT  SLICE 3MM_30#,"6"" x 4""",ZDesigner ZD421-203dpi ZPL,2022 R8,MeatPAPA,1,156299
PMK,PK LOIN  SLICE 2MM_30#,false,PK BELLY  SLICE 3MM_30#,"6"" x 4""",ZDesigner ZD421-203dpi ZPL,2022 R7,DELL,1,134669
PMK,PORK NECK BONE2.8 CUT _30#,false,PORK NECK BONE_30#,"6"" x 4""",ZDesigner ZD421-203dpi ZPL,2022 R7,DELL,1,136259
PMK,SR-1.2 CUT-CHOICE ETE_50#,false,AF SR _END_ PIECE,"6"" x 4""",ZDesigner ZD421-203dpi ZPL,2022 R7,DELL,2,206970
PMK,SR-1.4-CENTER_CUT_-50#,false,AF SR _END_ PIECE,"6"" x 4""",ZDesigner ZD421-203dpi ZPL,2022 R7,DELL,2,208112
PMK,SR-2-CENTER_CUT_NET# -,false,AF SR _END_ PIECE,"6"" x 4""",ZDesigner ZD421-203dpi ZPL,2022 R7,DELL,2,202471
PMK,SR-3.8 CUT ETE_50#,false,AF SR _END_ PIECE,"6"" x 4""",ZDesigner ZD421-203dpi ZPL,2022 R7,DELL,2,206880
PMK,SR-3.8-CENTER  CUT-NR _50#,false,SR-3.8-CENTER  CUT-NR _50#,"6"" x 4""",ZDesigner ZD421-203dpi ZPL,2022 R7,DELL,2,206803
PMK,SR-5.16-CUT_ETE-50#,false,AF SR _END_ PIECE,"6"" x 4""",ZDesigner ZD421-203dpi ZPL,2022 R8,MeatPAPA,2,197324
PMK,SR-ANGUS-CHOICE-3_ CUT -ETE-NET - Copy,true,AF SR _END_ PIECE,"6"" x 4""",ZDesigner ZD421-203dpi ZPL,2022 R7,DELL,2,190730
PMK,SR-CHOICE-2.5_ CUT -ETE-NET,false,AF SR _END_ PIECE,"6"" x 4""",ZDesigner ZD421-203dpi ZPL,2022 R8,MeatPAPA,2,143187
REQUIRE UPDATES,AIS_SR_1.5_0RG._NET,false,Document1,"6"" x 4""",Zebra ZT410 (203 dpi),2016 R9,noblesse,2,281727
REQUIRE UPDATES,ANT_BNLS_BF_CHUCK_ROLL_SLICED,false,Document1,"6"" x 4""",Zebra ZT410 (203 dpi),2016 R8,noblesse,1,342795
REQUIRE UPDATES,ANT_BNLS_BF_RIB EYE_SLICED,false,Document1,"4"" x 6""",Zebra ZT410 (203 dpi),2016 R8,noblesse,1,472649
REQUIRE UPDATES,ANT_BNLS_PK_BUTT_SLICED,false,Document1,"4"" x 6""",ZDesigner ZD421-203dpi ZPL,2022 R7,noblesse,1,516667
REQUIRE UPDATES,BACK_RIB_CUT,false,Document1,"6"" x 4""",Zebra ZT410 (203 dpi),2016 R8,noblesse,1,291573
REQUIRE UPDATES,BF FEMUR BONE CUT_2.5_ 2PTS,false,Document1,"4.1"" x 6""",Zebra ZD620 (203 dpi) - ZPL,2016 R9,hanah,1,136152
REQUIRE UPDATES,BF TOP BRISKET SLICE FOAM FLAT TRAY PK_CATCH,false,Document1,"6"" x 4""",ZDesigner ZD421-203dpi ZPL,2022 R7,DELL,1,144638
REQUIRE UPDATES,BF_TONGUE_PLD_TRD_VAC,false,Document1,"6"" x 4""",Zebra ZT410 (203 dpi),2016 R8,noblesse,1,332214
REQUIRE UPDATES,BNLS_BF_CHUCK_ROLL_SLICED,false,Document1,"6"" x 4""",Zebra ZT410 (203 dpi),2016 R8,noblesse,1,354532
REQUIRE UPDATES,BRISKET_POINT_VAC.,false,Document1,"6"" x 4""",Zebra ZT410 (203 dpi),2016 R9,noblesse,1,127775
REQUIRE UPDATES,MEATY BACK RIBS HALF CUT_ ADAMS,false,Document1,"6"" x 4""",Zebra ZT410 (203 dpi),2016 R9,noblesse,1,1341014
REQUIRE UPDATES,MEATY BACK RIBS,false,Document1,"6"" x 4""",ZDesigner ZT410-203dpi ZPL,2016 R8,noblesse,1,1309472
REQUIRE UPDATES,PK BUTT SLICE.Adams,false,Document1,"6"" x 4""",Zebra ZT410 (203 dpi),2016 R8,noblesse,1,1388797
REQUIRE UPDATES,R01A_MJGE.10LBS.3.8=7.16,false,Document1,"6"" x 4""",ZDesigner ZD421-203dpi ZPL,2022 R7,DELL,1,97890
REQUIRE UPDATES,R02A_MJGE.10LBS.1.4,false,Document1,"6"" x 4""",Zebra ZT410 (203 dpi),2016 R8,noblesse,1,250723
REQUIRE UPDATES,RED SAUCE_샘표고추장,false,Document1,"6"" x 4""",\\DESKTOP-5TUUMSU\Zebra ZD620 (203 dpi) - ZPL,2016 R9,MeatPAPA,1,338799
REQUIRE UPDATES,TOP BRISKET#1_VAC,false,Document1,"6"" x 4""",Zebra ZT410 (203 dpi),2016 R9,noblesse,1,116219
REQUIRE UPDATES,VAC_TOP_BRISET#1,false,Document1,"6"" x 4""",ZDesigner ZT410-203dpi ZPL,2016 R8,noblesse,1,193400
REQUIRE UPDATES,W.BNLS_SHANK_MEAT,false,Document1,"6"" x 4""",Zebra ZT410 (203 dpi),2016 R8,noblesse,1,1370176
ROLLING,ANGUS TOP_BRISKET#1,false,ANGUS TOP_BRISKET#1,"6"" x 4""",ZDesigner ZD421-203dpi ZPL,2022 R8,MeatPAPA,1,109133
ROLLING,BE TOP BLADE_CH_3 PIECE,false,SHB_RE_BLOCK,"6"" x 4""",ZDesigner ZD421-203dpi ZPL,2022 R8,MeatPAPA,1,233517
ROLLING,BEEF  - Copy,true,Document1,"6"" x 4""",ZDesigner ZD421-203dpi ZPL,2022 R8,MeatPAPA,1,94540
ROLLING,BEEF FAT,false,Document1,"6"" x 4""",ZDesigner ZD421-203dpi ZPL,2022 R8,MeatPAPA,1,92474
ROLLING,BF TONGUE SKDJMB.RYL,false,Document1,"6"" x 4""",ZDesigner ZD421-203dpi ZPL,2022 R8,MeatPAPA,1,188136
ROLLING,BF TONGUE TIP,false,Document1,"6"" x 4""",ZDesigner ZD421-203dpi ZPL,2022 R8,MeatPAPA,1,623007
ROLLING,BF TOP BLADE TENDON,false,Document1,"6"" x 4""",ZDesigner ZD421-203dpi ZPL,2022 R7,DELL,1,1164538
ROLLING,BNLS BEEF CLOD END PIECE - Copy,true,Document1,"6"" x 4""",ZDesigner ZD421-203dpi ZPL,2022 R8,MeatPAPA,1,90335
ROLLING,BNLS BEEF CLOD END PIECE,false,Document1,"6"" x 4""",ZDesigner ZD421-203dpi ZPL,2022 R8,MeatPAPA,1,143369
ROLLING,BRISKET ROLL-ANGUS,false,BRISKET ROLL-ANGUS,"6"" x 4""",ZDesigner ZD421-203dpi ZPL,2022 R8,MeatPAPA,1,178405
ROLLING,MODU-BNLS BEEF BRISKET END,false,MODU-BNLS BEEF BRISKET END,"6"" x 4""",ZDesigner ZD421-203dpi ZPL,2022 R8,MeatPAPA,1,113603
ROLLING,PK_BUTT BLOCK VC PK NET# - Copy,true,SHB_PK_COLLAR BUTT_CT,"6"" x 4""",ZDesigner ZD421-203dpi ZPL,2022 R8,MeatPAPA,1,166934
ROLLING,PK_BUTT ROLL BLOCK NET#,false,SHB_PK_COLLAR BUTT_CT,"6"" x 4""",ZDesigner ZD421-203dpi ZPL,2022 R8,MeatPAPA,1,145331
ROLLING,SD_ANGUS TOP_BRISkET,false,Document1,"6"" x 4""",ZDesigner ZD421-203dpi ZPL,2022 R8,MeatPAPA,1,93220
ROLLING,TOP_BRISKE PRIME - Copy,true,Document1,"6"" x 4""",ZDesigner ZD421-203dpi ZPL,2022 R8,MeatPAPA,1,121005
SHABU BULK PACKS/PMK,2PTS BACK RIB HALF CUT_30#,false,Document1,"4"" x 6""",ZDesigner ZD421-203dpi ZPL,2022 R7,DELL,1,437236
SHABU BULK PACKS/PMK,2PTS BF_BNLS BEEF CLOD FIO-2 MM_30# (2),false,2PTS BF_BNLS BEEF CLOD FIO-2.5MM_30#,"4"" x 6""",ZDesigner ZD421-203dpi ZPL,2022 R7,DELL,1,411763
SHABU BULK PACKS/PMK,2PTS BF_BNLS BEEF CLOD FIO-2.5 MM_30#,false,2PTS BF_BNLS BEEF CLOD FIO-2.5MM_30#,"4"" x 6""",ZDesigner ZD421-203dpi ZPL,2022 R7,DELL,1,412560
SHABU BULK PACKS/PMK,2PTS PR CHUCK ROLL SLICED,false,Document1,"4"" x 6""",ZDesigner ZD421-203dpi ZPL,2022 R7,DELL,1,357993
SHABU BULK PACKS/PMK,CH SR 1.2 CUT CC,false,CH SR 1.2 CUT CC,"6"" x 4""",ZDesigner ZD421-203dpi ZPL,2022 R7,DELL,2,136987
SHABU BULK PACKS/PMK,FIO CLOD 1.2 CUT,false,FIO CLOD 1.2 CUT,"6"" x 4""",ZDesigner ZD421-203dpi ZPL,2022 R7,DELL,1,229637
SHABU BULK PACKS/PMK,PK BELLY  SLICE 3MM_30#,false,PK BELLY  SLICE 3MM_30#,"6"" x 4""",ZDesigner ZD421-203dpi ZPL,2022 R7,DELL,1,134741
SHABU BULK PACKS/PMK,PK BUTT  SLICE 3MM_30#,false,PK BUTT  SLICE 3MM_30#,"6"" x 4""",ZDesigner ZD421-203dpi ZPL,2022 R7,DELL,1,136643
SHABU BULK PACKS/PMK,PK LOIN  SLICE 2MM_30#,false,PK BELLY  SLICE 3MM_30#,"6"" x 4""",ZDesigner ZD421-203dpi ZPL,2022 R7,DELL,1,134669
SHABU BULK PACKS/PMK,PORK NECK BONE2.8 CUT _30#,false,PORK NECK BONE_30#,"6"" x 4""",ZDesigner ZD421-203dpi ZPL,2022 R7,DELL,1,136259
SHABU BULK PACKS/PMK,SR-1.2 CUT-CHOICE ETE_50#,false,AF SR _END_ PIECE,"6"" x 4""",ZDesigner ZD421-203dpi ZPL,2022 R7,DELL,2,206970
SHABU BULK PACKS/PMK,SR-1.4-CENTER_CUT_-50#,false,AF SR _END_ PIECE,"6"" x 4""",ZDesigner ZD421-203dpi ZPL,2022 R7,DELL,2,208112
SHABU BULK PACKS/PMK,SR-2-CENTER_CUT_NET# -,false,AF SR _END_ PIECE,"6"" x 4""",ZDesigner ZD421-203dpi ZPL,2022 R7,DELL,2,202471
SHABU BULK PACKS/PMK,SR-3.8 CUT ETE_50#,false,AF SR _END_ PIECE,"6"" x 4""",ZDesigner ZD421-203dpi ZPL,2022 R7,DELL,2,206880
SHABU BULK PACKS/PMK,SR-3.8-CENTER  CUT-NR _50#,false,SR-3.8-CENTER  CUT-NR _50#,"6"" x 4""",ZDesigner ZD421-203dpi ZPL,2022 R7,DELL,2,206803
SHABU BULK PACKS/PMK,SR-5.16-CUT_ETE-50#,false,AF SR _END_ PIECE,"6"" x 4""",ZDesigner ZD421-203dpi ZPL,2022 R8,MeatPAPA,2,182358
SHABU BULK PACKS/PMK,SR-ANGUS-CHOICE-3_ CUT -ETE-NET - Copy,true,AF SR _END_ PIECE,"6"" x 4""",ZDesigner ZD421-203dpi ZPL,2022 R7,DELL,2,190730
SHABU BULK PACKS/PMK,SR-CHOICE-2.5_ CUT -ETE-NET,false,AF SR _END_ PIECE,"6"" x 4""",ZDesigner ZD421-203dpi ZPL,2022 R8,MeatPAPA,2,143187
SHABU BULK PACKS,PORK BELLY BULK PK,false,PK_ BELLY BELLY TRAY PACK 6MM,"6"" x 4""",ZDesigner ZD421-203dpi ZPL,2022 R7,DELL,1,976287
SHABU BULK PACKS,WAGYU BRISKET SHABU BULK,false,Document1,"6"" x 4""",ZDesigner ZD421-203dpi ZPL,2022 R7,DELL,1,99582
SHABU BULK PACKS,WAGYU CHUCK SHABU BULK,false,Document1,"6"" x 4""",ZDesigner ZD421-203dpi ZPL,2022 R7,DELL,1,98002
SHABU BULK PACKS,WAGYU SHORT PLATE SHABU BULK,false,Document1,"6"" x 4""",ZDesigner ZD421-203dpi ZPL,2022 R7,DELL,1,101272
SHABUYA,AGB PR_BF FLAT IRON 2025,false,AGB PR_BF FLAT IRON 2025,"6"" x 4""",ZDesigner ZD421-203dpi ZPL,2022 R8,MeatPAPA,1,629983
SHABUYA,BRISKET ROLL,false,BRISKET ROLL,"6"" x 4""",ZDesigner ZD421-203dpi ZPL,2022 R8,MeatPAPA,1,189535
SHABUYA,SHB_ BF_SHORT PLATE 9 X 12,false,SHB_ANGUS_ FLAT IRON,"6"" x 4""",ZDesigner ZD421-203dpi ZPL,2022 R8,DELL,1,233584
SHABUYA,SHB_ FLAT IRON,false,SHB_ FLAT IRON,"6"" x 4""",ZDesigner ZD421-203dpi ZPL,2022 R7,DELL,1,247957
SHABUYA,SHB_ FLAT IRON_ANGUS - Copy,true,SHB_ FLAT IRON_ANGUS,"6"" x 4""",ZDesigner ZD421-203dpi ZPL,2022 R7,DELL,1,248408
SHABUYA,SHB_ FLAT IRON_ANGUS,false,SHB_ FLAT IRON_ANGUS,"6"" x 4""",ZDesigner ZD421-203dpi ZPL,2022 R8,MeatPAPA,1,259972
SHABUYA,SHB_ FLAT IRON_PRIME,false,SHB_ FLAT IRON_PRIME,"6"" x 4""",ZDesigner ZD421-203dpi ZPL,2022 R8,MeatPAPA,1,113485
SHABUYA,SHB_BF_CHUCK EYE_PRIME,false,SHB_BF_CHUCK EYE_PRIME,"6"" x 4""",ZDesigner ZD421-203dpi ZPL,2022 R7,DELL,1,110283
SHABUYA,SHB_BF_CHUCK ROLL _PRIME,false,Document1,"6"" x 4""",ZDesigner ZD421-203dpi ZPL,2022 R7,DELL,1,227886
SHABUYA,SHB_BF_SHT_PLATE_CROSS_CUT,false,SHB_BF_SHT_PLATE_CROSS_CUT,"6"" x 4""",ZDesigner ZD421-203dpi ZPL,2022 R8,MeatPAPA,1,201659
SHABUYA,SHB_BF_SHT_PLATE_ROLL BLOCK - Copy,true,SHB_BF_SHT_PLATE_ROLL BLOCK,"6"" x 4""",ZDesigner ZD421-203dpi ZPL,2022 R8,MeatPAPA,1,262345
SHABUYA,SHB_BF_SHT_PLATE_ROLL BLOCK,false,SHB_BF_SHT_PLATE_ROLL BLOCK,"6"" x 4""",ZDesigner ZD421-203dpi ZPL,2022 R8,MeatPAPA,1,266561
SHABUYA,SHB_BLADE MEAT,false,SHB_BLADE MEAT,"6"" x 4""",ZDesigner ZD421-203dpi ZPL,2022 R8,MeatPAPA,1,799707
SHABUYA,SHB_BNLS LAMB ROLL,false,Document1,"6"" x 4""",ZDesigner ZD421-203dpi ZPL,2022 R8,MeatPAPA,1,1016656
SHABUYA,SHB_CHIX_THIGH,false,Document1,"6"" x 4""",ZDesigner ZD421-203dpi ZPL,2022 R8,MeatPAPA,1,443541
SHABUYA,SHB_CROSS_RIB - 1 PC,false,Document1,"6"" x 4""",ZDesigner ZD421-203dpi ZPL,2022 R8,MeatPAPA,1,627801
SHABUYA,SHB_CROSS_RIB - Copy,true,Document1,"6"" x 4""",ZDesigner ZD421-203dpi ZPL,2022 R8,MeatPAPA,1,787753
SHABUYA,SHB_CROSS_RIB,false,Document1,"6"" x 4""",ZDesigner ZD421-203dpi ZPL,2022 R8,MeatPAPA,1,783895
SHABUYA,SHB_NON P12 PK_COLLAR BUTT_CT,false,SHB_PK_COLLAR BUTT_CT,"6"" x 4""",ZDesigner ZD421-203dpi ZPL,2022 R8,MeatPAPA,1,265348
SHABUYA,SHB_PK_COLLAR BUTT_CT,false,SHB_PK_COLLAR BUTT_CT,"6"" x 4""",ZDesigner ZD421-203dpi ZPL,2022 R8,MeatPAPA,1,306967
SHABUYA,SHB_PORK BELLY CROSS CUT,false,SHB_BLADE MEAT,"6"" x 4""",ZDesigner ZD421-203dpi ZPL,2022 R8,MeatPAPA,1,298826
SHABUYA,SHB_PORK BELLY ROLL_1.2 CUT - Copy,true,SHB_BLADE MEAT,"6"" x 4""",ZDesigner ZD421-203dpi ZPL,2022 R7,DELL,1,256099
SHABUYA,SHB_PORK BELLY ROLL_1.2 CUT,false,SHB_BLADE MEAT,"6"" x 4""",ZDesigner ZD421-203dpi ZPL,2022 R8,MeatPAPA,1,302550
SHABUYA,SHB_PORK BELLY_1.2 CUT,false,SHB_PORK BELLY_1.2 CUT,"6"" x 4""",ZDesigner ZD421-203dpi ZPL,2022 R8,MeatPAPA,1,307465
SHABUYA,SHB_PORK BUTT_ ROLL,false,SHB_PK_COLLAR BUTT_CT,"6"" x 4""",ZDesigner ZD421-203dpi ZPL,2022 R7,DELL,1,258485
SHABUYA,SHB_PORK_ BUTT,false,SHB_PK_COLLAR BUTT_CT,"6"" x 4""",ZDesigner ZD421-203dpi ZPL,2022 R7,DELL,1,237485
SHABUYA,SHB_RIB EYE BLOCK - Copy,true,SHB_RIB EYE BLOCK-G,"6"" x 4""",ZDesigner ZD421-203dpi ZPL,2022 R8,MeatPAPA,1,807289
SHABUYA,SHB_RIB EYE BLOCK-G,false,SHB_RIB EYE BLOCK-G,"6"" x 4""",ZDesigner ZD421-203dpi ZPL,2022 R7,DELL,1,221015
SHABUYA,SHB_RIB EYE BLOCK,false,SHB_RIB EYE BLOCK-G,"6"" x 4""",ZDesigner ZD421-203dpi ZPL,2022 R8,MeatPAPA,1,798955
SHABUYA,SHB_WAGYU KNUCKLE,false,SHB_WAGYU KNUCKLE,"6"" x 4""",ZDesigner ZD421-203dpi ZPL,2022 R8,MeatPAPA,1,794143
SLICING,2PTS BF_BNLS BEEF CLOD FIO-2MM_20#,false,2PTS BF_BNLS BEEF CLOD FIO-2MM_20#,"4"" x 6""",ZDesigner ZD421-203dpi ZPL,2022 R8,MeatPAPA,1,352592
SLICING,ANT_BNLS_PK BELLY SLICE,false,Document1,"4"" x 6""",ZDesigner ZD421-203dpi ZPL,2022 R8,MeatPAPA,1,336323
SLICING,ANT_BNLS_PK BELLY_TRAY PK,false,Document1,"4"" x 6""",ZDesigner ZD421-203dpi ZPL,2022 R7,DELL,1,359911
SLICING,ANT_BNLS_PK CT_SLICED,false,ANT_BNLS_PK CT_SLICED,"4"" x 6""",ZDesigner ZD421-203dpi ZPL,2022 R7,DELL,1,370166
SLICING,ANT_BNLS_PK_BUTT_SLICED,false,Document1,"4"" x 6""",ZDesigner ZD421-203dpi ZPL,2022 R8,MeatPAPA,1,368525
SLICING,ANT_RE 3.5MM,false,ANT_RE 3.5MM,"4"" x 6""",ZDesigner ZD421-203dpi ZPL,2022 R8,MeatPAPA,1,349546
SLICING,ANT_RIB EYE SLICE_3MM_20#,false,ANT_RIB EYE SLICE_3MM_20#,"4"" x 6""",ZDesigner ZD421-203dpi ZPL,2022 R8,MeatPAPA,1,440671
SLICING,ANT_SHOULDER CLOD FIO SLICED 1.5MM,false,ANT_SHOULDER CLOD FIO SLICED 1.5MM,"4"" x 6""",ZDesigner ZD421-203dpi ZPL,2022 R8,MeatPAPA,1,366389
SLICING,BEEF CHUCK ROLL SLICE WAGYU 2.5MM,false,ANT_CLOD FIO SLICED,"4"" x 6""",ZDesigner ZD421-203dpi ZPL,2022 R7,DELL,1,191958
SLICING,BNLS BEEF SHORT PLATE SLICE 1.5MM,false,ANT_CLOD FIO SLICED,"4"" x 6""",ZDesigner ZD421-203dpi ZPL,2022 R8,MeatPAPA,1,165143
SLICING,OOK-OOK_PR CHUCK ROLL SLICE-1.5mm.-40#,false,PR CHUCK ROLL SLICE.-40#,"6"" x 4""",ZDesigner ZD421-203dpi ZPL,2022 R7,DELL,1,321851
SLICING,PK BELLY  SLICE 3MM_30#,false,PK BELLY  SLICE 3MM_30#,"6"" x 4""",ZDesigner ZD421-203dpi ZPL,2022 R8,MeatPAPA,1,286437
SLICING,PK BUTT  SLICE 3MM_20#,false,PK BUTT  SLICE 3MM_30#,"6"" x 4""",ZDesigner ZD421-203dpi ZPL,2022 R8,MeatPAPA,1,259414
SLICING,PK BUTT  SLICE 3MM_30#,false,PK BUTT  SLICE 3MM_30#,"6"" x 4""",ZDesigner ZD421-203dpi ZPL,2022 R8,MeatPAPA,1,129938
SLICING,PK COLLAR BUTT CT_2.5MM_50#,false,PK COLLAR BUTT CT_2.5MM_50#,"6"" x 4""",ZDesigner ZD421-203dpi ZPL,2022 R8,MeatPAPA,1,113099
SLICING,PK COLLAR CT_ SLICE -3MM_TRAY PACK20#,false,PK COLLAR SLICE -3MM_40#,"6"" x 4""",ZDesigner ZD421-203dpi ZPL,2022 R7,DELL,1,962965
SLICING,PORK BELLY SHABU SHABU.SAFE,false,PORK BELLY SHABU SHABU.SAFE,"6"" x 4""",ZDesigner ZD421-203dpi ZPL,2022 R7,DELL,1,129272
SLICING,SKIN-ON PK BELLY 1.2 INCH CUT,false,Document1,"6"" x 4""",ZDesigner ZD421-203dpi ZPL,2022 R8,MeatPAPA,1,357190
(root),WAGYU SHANK MEAT,false,Document1,"6"" x 4""",ZDesigner ZD421-203dpi ZPL,2022 R8,MeatPAPA,1,284316
WTR,BOTTOM SR #3,false,BOTTOM SR #3,"4"" x 6""",ZDesigner ZD421-203dpi ZPL,2022 R8,MeatPAPA,1,712172
WTR/Old Labels,WTR.XX MARINATED.SR.3#,false,WTR.MARINATED CLOD.1#,"6"" x 4""",KONICA MINOLTA 1st FL,2022 R7,Tony Suh,1,423064
WTR/SLICING,2PTS BF_BNLS BEEF CLOD FIO-2MM_20#,false,2PTS BF_BNLS BEEF CLOD FIO-2MM_20#,"4"" x 6""",ZDesigner ZD421-203dpi ZPL,2022 R8,MeatPAPA,1,352592
WTR/SLICING,ANT_BNLS_PK BELLY SLICE,false,Document1,"4"" x 6""",ZDesigner ZD421-203dpi ZPL,2022 R8,MeatPAPA,1,336323
WTR/SLICING,ANT_BNLS_PK BELLY_TRAY PK,false,Document1,"4"" x 6""",ZDesigner ZD421-203dpi ZPL,2022 R7,DELL,1,359911
WTR/SLICING,ANT_BNLS_PK CT_SLICED,false,ANT_BNLS_PK CT_SLICED,"4"" x 6""",ZDesigner ZD421-203dpi ZPL,2022 R7,DELL,1,370166
WTR/SLICING,ANT_BNLS_PK_BUTT_SLICED,false,Document1,"4"" x 6""",ZDesigner ZD421-203dpi ZPL,2022 R8,MeatPAPA,1,368525
WTR/SLICING,ANT_RE 3.5MM,false,ANT_RE 3.5MM,"4"" x 6""",ZDesigner ZD421-203dpi ZPL,2022 R8,MeatPAPA,1,349546
WTR/SLICING,ANT_RIB EYE SLICE_3MM_20#,false,ANT_RIB EYE SLICE_3MM_20#,"4"" x 6""",ZDesigner ZD421-203dpi ZPL,2022 R8,MeatPAPA,1,440671
WTR/SLICING,ANT_SHOULDER CLOD FIO SLICED 1.5MM,false,ANT_SHOULDER CLOD FIO SLICED 1.5MM,"4"" x 6""",ZDesigner ZD421-203dpi ZPL,2022 R8,MeatPAPA,1,366389
WTR/SLICING,BEEF CHUCK ROLL SLICE WAGYU 2.5MM,false,ANT_CLOD FIO SLICED,"4"" x 6""",ZDesigner ZD421-203dpi ZPL,2022 R7,DELL,1,191958
WTR/SLICING,BNLS BEEF SHORT PLATE SLICE 1.5MM,false,ANT_CLOD FIO SLICED,"4"" x 6""",ZDesigner ZD421-203dpi ZPL,2022 R8,MeatPAPA,1,165143
WTR/SLICING,OOK-OOK_PR CHUCK ROLL SLICE-1.5mm.-40#,false,PR CHUCK ROLL SLICE.-40#,"6"" x 4""",ZDesigner ZD421-203dpi ZPL,2022 R7,DELL,1,321851
WTR/SLICING,PK BELLY  SLICE 3MM_30#,false,PK BELLY  SLICE 3MM_30#,"6"" x 4""",ZDesigner ZD421-203dpi ZPL,2022 R8,MeatPAPA,1,252756
WTR/SLICING,PK BUTT  SLICE 3MM_20#,false,PK BUTT  SLICE 3MM_30#,"6"" x 4""",ZDesigner ZD421-203dpi ZPL,2022 R8,MeatPAPA,1,259414
WTR/SLICING,PK BUTT  SLICE 3MM_30#,false,PK BUTT  SLICE 3MM_30#,"6"" x 4""",ZDesigner ZD421-203dpi ZPL,2022 R8,MeatPAPA,1,129938
WTR/SLICING,PK COLLAR BUTT CT_2.5MM_50#,false,PK COLLAR BUTT CT_2.5MM_50#,"6"" x 4""",ZDesigner ZD421-203dpi ZPL,2022 R8,MeatPAPA,1,113099
WTR/SLICING,PK COLLAR CT_ SLICE -3MM_TRAY PACK20#,false,PK COLLAR SLICE -3MM_40#,"6"" x 4""",ZDesigner ZD421-203dpi ZPL,2022 R7,DELL,1,962965
WTR/SLICING,PORK BELLY SHABU SHABU.SAFE,false,PORK BELLY SHABU SHABU.SAFE,"6"" x 4""",ZDesigner ZD421-203dpi ZPL,2022 R7,DELL,1,129272
WTR/SLICING,SKIN-ON PK BELLY 1.2 INCH CUT,false,Document1,"6"" x 4""",ZDesigner ZD421-203dpi ZPL,2022 R8,MeatPAPA,1,357190
WTR,WTR. BNLS BF SR 0.5#.,false,Document1,"6"" x 4""",NOBLESSE_PRINTER_1,2022 R5,Hanah Yu,1,530208
WTR,WTR. BNLS BF SR 20#.OUTER,false,Document1,"6"" x 4""",Zebra ZD421 (203 dpi) - ZPL,2022 R7,DELL,1,559910
WTR,WTR. PORK BELLY THIN SLICE 1#,false,WTR. PORK BELLY THIN SLICE 1#,"6"" x 4""",ZDesigner ZD421-203dpi ZPL,2022 R8,MeatPAPA,1,448861
WTR,WTR. PORK BELLY THIN SLICE 30#,false,WTR. PORK BELLY THIN SLICE 30#,"6"" x 4""",ZDesigner ZD421-203dpi ZPL,2022 R8,MeatPAPA,1,419278
WTR,WTR.AM.WG.CRS.CHADOL.1#,false,WTR.AM.WG.CRS.SHB.2#,"6"" x 4""",ZDesigner ZD421-203dpi ZPL,2022 R8,MeatPAPA,1,483086
WTR,WTR.AM.WG.CRS.CHADOL.20#,false,Document1,"6"" x 4""",ZDesigner ZD421-203dpi ZPL,2022 R8,MeatPAPA,1,568360
WTR,WTR.AM.WG.CRS.SHB.1#,false,WTR.AM.WG.CRS.SHB.2#,"6"" x 4""",ZDesigner ZD421-203dpi ZPL,2022 R8,MeatPAPA,1,484708
WTR,WTR.AM.WG.CRS.SHB.20#,false,Document1,"6"" x 4""",ZDesigner ZD421-203dpi ZPL,2022 R8,MeatPAPA,1,546338
WTR,WTR.CHIX TERI 1#,false,WTR.MARINATED CLOD.1#,"6"" x 4""",ZDesigner ZD421-203dpi ZPL,2022 R8,MeatPAPA,1,485334
WTR,WTR.CHIX TERI 30#,false,WTR.MARINATED CLOD.1#,"6"" x 4""",ZDesigner ZD421-203dpi ZPL,2022 R8,MeatPAPA,1,487012
WTR,WTR.MARI.SR.INDIV.1#,false,WTR.MARI.SR.INDIV.1#,"6"" x 4""",ZDesigner ZD421-203dpi ZPL,2022 R8,MeatPAPA,1,423882
WTR,WTR.MARI.SR.INDIV.20#,false,WTR.MARINATED CLOD.1#,"6"" x 4""",ZDesigner ZD421-203dpi ZPL,2022 R8,MeatPAPA,1,423422
WTR,WTR.MARINATED CLOD.1#,false,WTR.MARINATED CLOD.1#,"6"" x 4""",ZDesigner ZD421-203dpi ZPL,2022 R8,MeatPAPA,1,417092
WTR,WTR.MARINATED CLOD.30#,false,WTR.AM.WG.CRS.SHB.2#,"6"" x 4""",ZDesigner ZD421-203dpi ZPL,2022 R8,MeatPAPA,1,571730
WTR,WTR.MARINATED RE.2# OUTER (1),false,WTR.MARINATED RE.2# OUTER (1),"6"" x 4""",Zebra ZD421 (203 dpi) - ZPL,2022 R7,DELL,1,163113
WTR,WTR.MARINATED_BNLS RIB FINGER.1#,false,WTR.MARINATED_BNLS RIB FINGER.1#,"6"" x 4""",ZDesigner ZD421-203dpi ZPL,2022 R8,MeatPAPA,1,789443
WTR,WTR.MARINATED_BNLS RIB FINGER.20#,false,WTR.MARINATED_BNLS RIB FINGER.20#,"6"" x 4""",ZDesigner ZD421-203dpi ZPL,2022 R8,MeatPAPA,1,532627
WTR,WTR.MARINATED_BNLS SR.1#,false,WTR.MARINATED_BNLS SR.1#,"6"" x 4""",ZDesigner ZD421-203dpi ZPL,2022 R8,MeatPAPA,1,530770
WTR,WTR.MARINATED_BNLS SR.20# OUTER,false,Document1,"6"" x 4""",ZDesigner ZD421-203dpi ZPL,2022 R8,MeatPAPA,1,540699
WTR,WTR.MARINATED_SR.3#,false,WTR.MARINATED_SR.3.10_OUTER,"6"" x 4""",ZDesigner ZD421-203dpi ZPL,2022 R8,MeatPAPA,1,556059
WTR,WTR.MARINATED_SR.3.10_OUTER,false,WTR.MARINATED_SR.3.10_OUTER,"6"" x 4""",ZDesigner ZD421-203dpi ZPL,2022 R8,MeatPAPA,1,551891
WTR,WTR.SPICY GOCHUJANG PK. 2# OUTER,false,Document1,"6"" x 4""",Konica 2nd Floor,2022 R5,Hanah Yu,1,193664
WTR,WTR.SPICY PORK 1#,false,WTR.SPICY PORK 1#,"6"" x 4""",ZDesigner ZD421-203dpi ZPL,2022 R8,MeatPAPA,1,554251
WTR,WTR.SPICY PORK 30#,false,WTR.MARINATED CLOD.1#,"6"" x 4""",ZDesigner ZD421-203dpi ZPL,2022 R8,MeatPAPA,1,530221
WTR,WTR.SS HC PK CT 2# OUTER,false,WTR.SS HC PK CT 2# OUTER,"6"" x 4""",ZDesigner ZD421-203dpi ZPL,2022 R8,MeatPAPA,1,222104
(root),X01A_BF TONGUE SKDJMB.RYL,false,Document1,"6"" x 4""",ZDesigner ZD421-203dpi ZPL,2022 R8,MeatPAPA,1,65706
